"Customer ID",Recency,Frequency,Monetary,R_score,F_score,M_score,RFM_score,Segment
JG-15115,1562,3,347.808,5,5,5,15,Champions
GH-14425,1658,4,336.97,5,5,5,15,Champions
JD-16060,1559,3,327.632,5,5,5,15,Champions
MH-17440,1750,4,305.956,5,5,5,15,Champions
DK-13150,1487,2,304.716,5,5,5,15,Champions
LH-16750,1562,3,287.426,5,5,5,15,Champions
AB-10015,1760,3,283.316,5,5,5,15,Champions
JB-15925,1487,3,278.212,5,5,5,15,Champions
NB-18580,1557,2,273.872,5,5,5,15,Champions
LT-16765,1582,2,255.524,5,5,5,15,Champions
MR-17545,1580,4,254.2,5,5,5,15,Champions
AY-10555,1730,4,248.52,5,5,5,15,Champions
KW-16570,1553,4,236.156,5,5,5,15,Champions
BT-11440,1671,4,220.788,5,5,5,15,Champions
LH-17020,1575,4,218.696,5,5,5,15,Champions
VT-21700,1669,2,198.352,5,5,5,15,Champions
AC-10420,1633,3,193.208,5,5,5,15,Champions
GP-14740,1730,2,149.81,5,5,5,15,Champions
DP-13165,1490,2,127.976,5,5,5,15,Champions
JH-15430,1771,4,127.657,5,5,5,15,Champions
LP-17080,1651,4,126.272,5,5,5,15,Champions
HH-15010,1585,2,118.88,5,5,5,15,Champions
BF-11005,1558,4,101.816,5,5,5,15,Champions
MT-18070,1558,4,99.384,5,5,5,15,Champions
DL-13330,1652,4,84.726,5,5,5,15,Champions
BN-11470,1571,4,83.24,5,5,5,15,Champions
DA-13450,1557,4,76.792,5,5,5,15,Champions
GR-14560,1501,2,35.46,5,5,5,15,Champions
RB-19330,1505,2,22.21,5,5,5,15,Champions
BM-11140,1575,4,660.852,5,5,4,14,Champions
AJ-10960,1569,3,582.73,5,5,4,14,Champions
BS-11665,1652,3,527.52,5,5,4,14,Champions
AF-10885,1571,4,512.329,5,5,4,14,Champions
SJ-20500,1583,4,422.464,5,5,4,14,Champions
LW-17125,1572,3,412.27,5,5,4,14,Champions
SB-20170,1669,3,387.924,5,5,4,14,Champions
TH-21115,1560,4,371.764,5,5,4,14,Champions
MS-17530,1518,4,355.788,5,5,4,14,Champions
MS-17830,1257,4,339.148,4,5,5,14,Champions
CS-12130,1197,4,324.96,4,5,5,14,Champions
TP-21565,1401,4,320.568,4,5,5,14,Champions
MF-18250,1568,5,283.91,5,4,5,14,Champions
PR-18880,1578,5,282.62,5,4,5,14,Champions
JM-15655,1728,5,255.547,5,4,5,14,Champions
RK-19300,1260,2,244.43,4,5,5,14,Champions
NL-18310,1224,4,229.828,4,5,5,14,Champions
BD-11560,1311,2,197.64,4,5,5,14,Champions
RB-19645,1590,5,182.332,5,4,5,14,Champions
VP-21730,1275,3,178.352,4,5,5,14,Champions
MH-18025,1637,5,175.08,5,4,5,14,Champions
DH-13675,1197,4,163.724,4,5,5,14,Champions
MC-18130,1564,5,161.38,5,4,5,14,Champions
AG-10765,1301,3,137.296,4,5,5,14,Champions
BO-11425,1208,2,130.83,4,5,5,14,Champions
LS-17230,1294,3,124.332,4,5,5,14,Champions
JM-15265,1589,5,87.804,5,4,5,14,Champions
RP-19270,1243,4,84.912,4,5,5,14,Champions
AB-10600,1412,4,79.196,4,5,5,14,Champions
KS-16300,1387,3,75.38,4,5,5,14,Champions
BS-11800,1192,2,73.99,4,5,5,14,Champions
BW-11065,1238,2,60.772,4,5,5,14,Champions
TS-21340,1575,5,59.788,5,4,5,14,Champions
PC-19000,1248,2,56.512,4,5,5,14,Champions
HD-14785,1303,3,52.904,4,5,5,14,Champions
CM-11935,1194,2,49.392,4,5,5,14,Champions
RE-19405,1463,1,48.36,4,5,5,14,Champions
TS-21085,1261,2,4.833,4,5,5,14,Champions
CA-12310,1626,4,908.588,5,5,3,13,Champions
TB-21190,1465,4,816.174,5,5,3,13,Champions
CM-12715,1557,4,801.9,5,5,3,13,Champions
NR-18550,1668,4,761.213,5,5,3,13,Champions
RA-19945,1585,5,702.49,5,4,4,13,Champions
RD-19930,1255,4,694.256,4,5,4,13,Champions
DB-13405,1201,4,672.028,4,5,4,13,Champions
SR-20425,1661,5,632.202,5,4,4,13,Champions
FH-14350,1226,4,578.184,4,5,4,13,Champions
VG-21790,1606,5,566.104,5,4,4,13,Champions
NG-18430,1489,5,556.404,5,4,4,13,Champions
PF-19120,1201,4,497.136,4,5,4,13,Champions
BN-11515,1566,5,488.49,5,4,4,13,Champions
RH-19600,1278,3,481.852,4,5,4,13,Champions
TT-21265,1234,3,439.5,4,5,4,13,Champions
VG-21805,1561,5,379.388,5,4,4,13,Champions
PM-19135,1108,4,313.42,3,5,5,13,Champions
ST-20530,1560,7,297.246,5,3,5,13,Champions
DM-13525,847,3,256.12,3,5,5,13,Champions
AG-10270,1198,5,248.908,4,4,5,13,Champions
LR-17035,1211,5,245.094,4,4,5,13,Champions
JP-15460,1590,6,217.458,5,3,5,13,Champions
TB-21175,993,4,215.988,3,5,5,13,Champions
BV-11245,1292,5,201.111,4,4,5,13,Champions
AR-10510,1218,5,188.508,4,4,5,13,Champions
ER-13855,846,3,184.112,3,5,5,13,Champions
JJ-15760,1119,2,166.16,3,5,5,13,Champions
AO-10810,867,1,161.28,3,5,5,13,Champions
TC-20980,1198,5,151.158,4,4,5,13,Champions
HG-14845,1205,5,142.052,4,4,5,13,Champions
PB-19210,1054,2,132.738,3,5,5,13,Champions
SM-20905,972,1,132.52,3,5,5,13,Champions
EL-13735,983,2,124.28,3,5,5,13,Champions
SS-20515,857,3,108.39,3,5,5,13,Champions
FW-14395,847,3,79.75,3,5,5,13,Champions
BT-11485,1025,2,59.236,3,5,5,13,Champions
SW-20755,900,2,53.15,3,5,5,13,Champions
LB-16735,889,3,50.188,3,5,5,13,Champions
AR-10570,900,1,36.4,3,5,5,13,Champions
SG-20890,882,3,32.144,3,5,5,13,Champions
RS-19870,937,2,16.928,3,5,5,13,Champions
LD-16855,918,1,5.304,3,5,5,13,Champions
SH-20635,1476,2,2096.392,5,5,2,12,Loyal
GZ-14545,1555,4,2092.27,5,5,2,12,Loyal
LD-17005,1554,4,1748.154,5,5,2,12,Loyal
EK-13795,1749,4,1303.478,5,5,2,12,Loyal
PM-18940,1702,3,1206.098,5,5,2,12,Loyal
RS-19420,1609,5,1197.48,5,4,3,12,Loyal
PV-18985,1633,5,1185.718,5,4,3,12,Loyal
CC-12685,1204,4,1165.9,4,5,3,12,Loyal
SV-20815,1197,4,1114.962,4,5,3,12,Loyal
SC-20020,1655,5,986.56,5,4,3,12,Loyal
ZD-21925,1587,5,981.8,5,4,3,12,Loyal
LW-16825,1644,5,978.469,5,4,3,12,Loyal
NC-18340,1702,5,960.372,5,4,3,12,Loyal
VS-21820,1317,4,881.495,4,5,3,12,Loyal
MG-17695,1302,3,855.81,4,5,3,12,Loyal
AG-10525,1211,4,854.974,4,5,3,12,Loyal
TH-21100,1556,5,838.468,5,4,3,12,Loyal
RH-19555,885,2,712.986,3,5,4,12,Loyal
Co-12640,1247,5,708.14,4,4,4,12,Loyal
CD-12790,1197,5,704.996,4,4,4,12,Loyal
LL-16840,1602,6,656.73,5,3,4,12,Loyal
SW-20245,1625,6,639.854,5,3,4,12,Loyal
DB-13615,1553,7,618.734,5,3,4,12,Loyal
PO-19195,1193,5,585.35,4,4,4,12,Loyal
BT-11305,1212,5,580.336,4,4,4,12,Loyal
VP-21760,1577,6,519.974,5,3,4,12,Loyal
LO-17170,1212,5,490.15,4,4,4,12,Loyal
JB-16045,950,3,484.36,3,5,4,12,Loyal
TZ-21580,1043,4,471.412,3,5,4,12,Loyal
SF-20065,1573,7,467.656,5,3,4,12,Loyal
KH-16510,1599,7,436.652,5,3,4,12,Loyal
JC-16105,1215,5,434.944,4,4,4,12,Loyal
JK-15205,1191,5,432.822,4,4,4,12,Loyal
KD-16345,1581,6,397.238,5,3,4,12,Loyal
BD-11635,1122,3,395.32,3,5,4,12,Loyal
EB-14170,1554,6,378.576,5,3,4,12,Loyal
RE-19450,1234,5,372.296,4,4,4,12,Loyal
JH-15820,1215,6,348.952,4,3,5,12,Loyal
RB-19570,849,4,330.592,3,4,5,12,Loyal
CD-11980,653,2,321.648,2,5,5,12,Loyal
AM-10360,898,5,268.2,3,4,5,12,Loyal
SC-20845,497,2,251.208,2,5,5,12,Loyal
MO-17500,846,4,200.135,3,4,5,12,Loyal
TC-21535,1199,6,199.428,4,3,5,12,Loyal
CR-12625,836,3,186.7,2,5,5,12,Loyal
SM-20005,921,4,167.022,3,4,5,12,Loyal
JM-15580,844,5,133.692,3,4,5,12,Loyal
GT-14755,911,4,133.508,3,4,5,12,Loyal
SK-19990,617,3,130.741,2,5,5,12,Loyal
JK-15325,653,3,115.852,2,5,5,12,Loyal
CM-12445,826,3,109.826,2,5,5,12,Loyal
CS-12460,546,2,107.91,2,5,5,12,Loyal
PT-19090,847,4,105.516,3,4,5,12,Loyal
KM-16225,1274,6,105.468,4,3,5,12,Loyal
CC-12550,564,3,103.704,2,5,5,12,Loyal
MH-17620,849,4,92.22,3,4,5,12,Loyal
AT-10435,1212,6,76.546,4,3,5,12,Loyal
AA-10480,857,4,76.502,3,4,5,12,Loyal
KM-16660,882,5,74.582,3,4,5,12,Loyal
EM-14065,870,4,58.738,3,4,5,12,Loyal
MO-17950,546,2,56.192,2,5,5,12,Loyal
RM-19750,665,1,26.38,2,5,5,12,Loyal
CJ-11875,731,1,16.52,2,5,5,12,Loyal
MG-18205,630,1,12.32,2,5,5,12,Loyal
GT-14635,1669,3,8174.868,5,5,1,11,Loyal
MW-18235,1685,2,4635.906,5,5,1,11,Loyal
DW-13480,1674,4,2298.756,5,5,1,11,Loyal
MG-18145,1215,3,2043.087,4,5,2,11,Loyal
PC-18745,1461,4,1762.056,4,5,2,11,Loyal
EJ-13720,1236,4,1565.814,4,5,2,11,Loyal
BW-11200,1553,5,1556.912,5,4,2,11,Loyal
KC-16255,1575,5,1518.214,5,4,2,11,Loyal
JH-16180,1316,4,1487.21,4,5,2,11,Loyal
CH-12070,1285,3,1458.98,4,5,2,11,Loyal
TB-21250,1484,7,1192.328,5,3,3,11,Loyal
DK-12985,1247,5,1172.504,4,4,3,11,Loyal
CA-12775,1569,7,1170.649,5,3,3,11,Loyal
DK-12895,1193,5,1166.922,4,4,3,11,Loyal
PK-18910,849,2,1160.37,3,5,3,11,Loyal
KM-16375,1625,7,1159.85,5,3,3,11,Loyal
NG-18355,1203,5,1158.244,4,4,3,11,Loyal
RR-19525,1574,6,1150.772,5,3,3,11,Loyal
JR-15670,959,2,1142.618,3,5,3,11,Loyal
RF-19735,1608,7,1066.536,5,3,3,11,Loyal
AH-10030,1693,7,1039.728,5,3,3,11,Loyal
JL-15130,1582,6,1001.34,5,3,3,11,Loyal
CA-12055,1213,5,963.014,4,4,3,11,Loyal
MH-17785,1553,7,960.274,5,3,3,11,Loyal
CW-11905,1666,6,944.564,5,3,3,11,Loyal
DC-13285,1380,5,904.41,4,4,3,11,Loyal
JL-15850,1623,6,871.322,5,3,3,11,Loyal
KD-16615,1205,5,808.224,4,4,3,11,Loyal
DB-13360,1284,5,795.316,4,4,3,11,Loyal
HR-14770,1240,5,788.804,4,4,3,11,Loyal
HP-14815,1700,7,739.932,5,3,3,11,Loyal
DB-12970,890,5,694.396,3,4,4,11,Loyal
CS-12490,871,4,691.3225,3,4,4,11,Loyal
JL-15175,928,5,672.987,3,4,4,11,Loyal
TR-21325,844,5,635.252,3,4,4,11,Loyal
CV-12295,848,5,632.936,3,4,4,11,Loyal
ML-18040,575,2,601.37,2,5,4,11,Loyal
MS-17710,1225,6,581.12,4,3,4,11,Loyal
SW-20350,528,3,580.88,2,5,4,11,Loyal
IG-15085,927,4,557.42,3,4,4,11,Loyal
TM-21490,496,3,550.758,2,5,4,11,Loyal
CM-12115,640,3,522.19,2,5,4,11,Loyal
MS-17980,1243,6,485.756,4,3,4,11,Loyal
BF-11275,539,3,477.638,2,5,4,11,Loyal
NC-18415,1301,6,467.21,4,3,4,11,Loyal
CR-12820,682,3,422.1464,2,5,4,11,Loyal
CG-12520,783,3,411.496,2,5,4,11,Loyal
JE-16165,756,3,402.96,2,5,4,11,Loyal
JJ-15445,849,5,401.198,3,4,4,11,Loyal
AG-10330,880,5,398.522,3,4,4,11,Loyal
RF-19345,1567,8,393.556,5,2,4,11,Loyal
EH-13945,1643,8,392.057,5,2,4,11,Loyal
CG-12040,842,5,384.404,3,4,4,11,Loyal
NF-18475,891,4,377.162,3,4,4,11,Loyal
EM-14200,524,3,363.062,2,5,4,11,Loyal
HE-14800,541,4,353.782,2,4,5,11,Loyal
SS-20140,1191,8,350.95,4,2,5,11,Loyal
SS-20590,850,6,348.47,3,3,5,11,Loyal
BP-11155,539,5,348.276,2,4,5,11,Loyal
CD-12280,421,2,334.368,1,5,5,11,Loyal
HJ-14875,832,5,303.284,2,4,5,11,Loyal
MC-17635,555,4,285.924,2,4,5,11,Loyal
AS-10240,919,6,268.234,3,3,5,11,Loyal
TS-21655,604,5,265.258,2,4,5,11,Loyal
SC-20800,564,4,232.912,2,4,5,11,Loyal
JF-15295,591,5,200.16,2,4,5,11,Loyal
TB-21355,512,5,195.786,2,4,5,11,Loyal
PL-18925,557,5,177.998,2,4,5,11,Loyal
HM-14980,834,4,157.756,2,4,5,11,Loyal
PB-18805,391,3,153.792,1,5,5,11,Loyal
DH-13075,920,6,149.274,3,3,5,11,Loyal
DD-13570,861,6,95.638,3,3,5,11,Loyal
ML-18265,466,2,82.252,1,5,5,11,Loyal
BF-11080,475,3,76.17,1,5,5,11,Loyal
GH-14665,368,2,68.088,1,5,5,11,Loyal
JC-15340,480,3,67.335,1,5,5,11,Loyal
MK-18160,606,4,65.762,2,4,5,11,Loyal
CL-11890,472,2,56.73,1,5,5,11,Loyal
MZ-17335,645,4,52.068,2,4,5,11,Loyal
TC-21145,472,1,47.4,1,5,5,11,Loyal
AS-10135,407,2,45.46,1,5,5,11,Loyal
RR-19315,385,2,17.748,1,5,5,11,Loyal
BS-11365,1564,5,10351.023,5,4,1,10,Loyal
AA-10315,1568,5,5008.48,5,4,1,10,Loyal
EB-13840,1376,4,3792.828,4,5,1,10,Loyal
ES-14020,1563,5,2934.442,5,4,1,10,Loyal
JK-16090,1350,3,2889.684,4,5,1,10,Loyal
LC-16960,1407,4,2768.414,4,5,1,10,Loyal
CM-12385,1204,4,2300.966,4,5,1,10,Loyal
NC-18535,1594,7,2111.264,5,3,2,10,Loyal
MA-17995,1563,6,1988.282,5,3,2,10,Loyal
DJ-13420,1003,4,1933.08,3,5,2,10,Loyal
MP-17470,1671,7,1916.284,5,3,2,10,Loyal
EM-13810,1225,5,1840.858,4,4,2,10,Loyal
SS-20410,1576,6,1829.889,5,3,2,10,Loyal
DF-13135,1101,3,1667.058,3,5,2,10,Loyal
DN-13690,1563,7,1653.52,5,3,2,10,Loyal
EB-13975,1058,4,1618.44,3,5,2,10,Loyal
TS-21205,1556,7,1510.004,5,3,2,10,Loyal
DE-13255,1194,5,1509.564,4,4,2,10,Loyal
NF-18595,1574,7,1473.064,5,3,2,10,Loyal
TB-21280,1653,6,1457.07,5,3,2,10,Loyal
KN-16450,1271,5,1407.007,4,4,2,10,Loyal
SM-20320,1228,5,1369.166,4,4,2,10,Loyal
BD-11620,1645,6,1283.146,5,3,2,10,Loyal
KT-16465,1575,7,1272.946,5,3,2,10,Loyal
TT-21220,1560,8,1190.476,5,2,3,10,Loyal
MG-17875,844,5,1190.425,3,4,3,10,Loyal
GH-14485,753,2,1170.324,2,5,3,10,Loyal
TB-21595,1007,5,1108.415,3,4,3,10,Loyal
MC-17425,898,5,1098.948,3,4,3,10,Loyal
SC-20680,1194,6,1049.73,4,3,3,10,Loyal
LM-17065,877,5,1036.834,3,4,3,10,Loyal
AH-10465,970,4,1024.398,3,4,3,10,Loyal
MC-17275,1575,8,929.982,5,2,3,10,Loyal
BH-11710,1666,8,925.253,5,2,3,10,Loyal
BF-11215,935,4,895.876,3,4,3,10,Loyal
SP-20650,1609,8,855.108,5,2,3,10,Loyal
MF-17665,878,5,852.379,3,4,3,10,Loyal
OT-18730,886,5,819.72,3,4,3,10,Loyal
NP-18325,1240,6,786.57,4,3,3,10,Loyal
JC-15385,541,1,786.48,2,5,3,10,Loyal
EH-13990,1193,6,773.57,4,3,3,10,Loyal
KC-16675,947,4,750.962,3,4,3,10,Loyal
NP-18670,896,5,738.432,3,4,3,10,Loyal
JP-16135,1560,9,736.741,5,1,4,10,Loyal
JG-15805,918,6,732.702,3,3,4,10,Loyal
JO-15550,581,4,716.138,2,4,4,10,Loyal
PH-18790,436,1,683.952,1,5,4,10,Loyal
JS-16030,895,6,683.348,3,3,4,10,Loyal
JK-15640,1560,9,669.442,5,1,4,10,Loyal
BG-11740,846,6,666.396,3,3,4,10,Loyal
VF-21715,541,4,666.276,2,4,4,10,Loyal
LS-17245,929,6,655.456,3,3,4,10,Loyal
AC-10660,830,5,649.348,2,4,4,10,Loyal
AB-10255,1623,9,643.624,5,1,4,10,Loyal
AA-10645,848,6,629.238,3,3,4,10,Loyal
BP-11050,653,4,621.86,2,4,4,10,Loyal
RC-19825,938,6,603.409,3,3,4,10,Loyal
JH-15910,1205,7,587.171,4,2,4,10,Loyal
FM-14290,1588,9,574.564,5,1,4,10,Loyal
JS-15685,835,4,567.936,2,4,4,10,Loyal
KB-16405,483,3,551.4,1,5,4,10,Loyal
RA-19915,1553,9,537.652,5,1,4,10,Loyal
CS-12175,826,5,532.04,2,4,4,10,Loyal
CL-12700,828,5,513.662,2,4,4,10,Loyal
CC-12145,1211,7,480.03,4,2,4,10,Loyal
CR-12580,829,4,466.004,2,4,4,10,Loyal
CD-11920,584,5,439.1,2,4,4,10,Loyal
AS-10630,1215,7,435.072,4,2,4,10,Loyal
JS-15940,829,5,421.408,2,4,4,10,Loyal
MZ-17515,933,6,408.376,3,3,4,10,Loyal
SC-20440,1214,7,405.896,4,2,4,10,Loyal
AH-10195,494,4,394.132,2,4,4,10,Loyal
AS-10090,1561,9,390.952,5,1,4,10,Loyal
EC-14050,518,5,375.834,2,4,4,10,Loyal
DJ-13630,378,3,373.14,1,5,4,10,Loyal
MT-17815,889,6,366.478,3,3,4,10,Loyal
EN-13780,832,4,362.442,2,4,4,10,Loyal
AH-10585,837,4,354.544,2,4,4,10,Loyal
AG-10300,484,4,349.26,1,4,5,10,Loyal
TD-20995,1226,9,337.036,4,1,5,10,Loyal
DS-13030,459,4,331.24,1,4,5,10,Loyal
VM-21835,483,5,321.016,1,4,5,10,Loyal
CC-12100,823,6,317.56,2,3,5,10,Loyal
PJ-19015,844,7,280.934,3,2,5,10,Loyal
PJ-18835,970,8,228.744,3,2,5,10,Loyal
PS-18760,823,6,204.432,2,3,5,10,Loyal
ME-18010,458,4,182.528,1,4,5,10,Loyal
SS-20875,486,5,84.514,1,4,5,10,Loyal
AW-10840,485,4,54.128,1,4,5,10,Loyal
AC-10615,485,4,47.844,1,4,5,10,Loyal
TB-21400,1576,7,7291.958,5,3,1,9,Regular
KF-16285,1557,7,3978.952,5,3,1,9,Regular
MC-17845,1640,7,3222.224,5,3,1,9,Regular
TT-21070,1575,7,3045.612,5,3,1,9,Regular
IM-15055,848,3,2848.36,3,5,1,9,Regular
VD-21670,1610,6,2809.734,5,3,1,9,Regular
GB-14575,1197,5,2648.656,4,4,1,9,Regular
MG-17650,1605,7,2598.02,5,3,1,9,Regular
ND-18460,1564,6,2586.895,5,3,1,9,Regular
MN-17935,1634,6,2315.414,5,3,1,9,Regular
LF-17185,1619,7,2315.35,5,3,1,9,Regular
NP-18700,1578,7,2287.724,5,3,1,9,Regular
DL-12925,1574,6,2226.79,5,3,1,9,Regular
MW-18220,1563,7,2131.534,5,3,1,9,Regular
EM-14140,913,5,2046.3,3,4,2,9,Regular
DK-13090,1400,7,2010.828,4,3,2,9,Regular
BS-11590,1212,6,1925.262,4,3,2,9,Regular
VB-21745,1263,6,1919.496,4,3,2,9,Regular
IM-15070,1276,7,1892.386,4,3,2,9,Regular
SC-20770,1290,7,1683.81,4,3,2,9,Regular
TS-21430,857,5,1502.38,3,4,2,9,Regular
CR-12730,861,4,1462.944,3,4,2,9,Regular
CM-12190,1200,6,1443.984,4,3,2,9,Regular
BD-11500,1202,6,1438.751,4,3,2,9,Regular
LE-16810,1298,6,1416.054,4,3,2,9,Regular
PF-19165,1192,6,1371.83,4,3,2,9,Regular
DK-13375,1576,8,1240.436,5,2,2,9,Regular
SN-20560,1207,6,1223.866,4,3,2,9,Regular
BP-11230,828,5,1175.01,2,4,3,9,Regular
BE-11455,847,6,1172.93,3,3,3,9,Regular
DM-13015,847,6,1165.44,3,3,3,9,Regular
GD-14590,841,4,1123.684,2,4,3,9,Regular
NW-18400,1203,7,1098.286,4,2,3,9,Regular
RB-19435,1278,8,1070.268,4,2,3,9,Regular
JW-16075,827,4,1041.072,2,4,3,9,Regular
ME-17725,1194,8,1030.02,4,2,3,9,Regular
LR-16915,850,6,1025.532,3,3,3,9,Regular
TS-21160,870,6,1025.056,3,3,3,9,Regular
MD-17860,489,5,1023.356,2,4,3,9,Regular
SC-20230,515,4,997.892,2,4,3,9,Regular
XP-21865,1555,10,994.872,5,1,3,9,Regular
CC-12610,1211,7,958.659,4,2,3,9,Regular
DV-13045,829,5,948.647,2,4,3,9,Regular
JF-15190,1194,7,946.352,4,2,3,9,Regular
MM-17260,834,4,942.86,2,4,3,9,Regular
AG-10495,1302,8,939.7,4,2,3,9,Regular
SV-20785,1669,9,934.237,5,1,3,9,Regular
SJ-20215,502,5,924.558,2,4,3,9,Regular
RB-19795,1255,8,918.768,4,2,3,9,Regular
DO-13435,1225,8,912.4475,4,2,3,9,Regular
RM-19375,907,6,896.214,3,3,3,9,Regular
SG-20080,374,3,864.39,1,5,3,9,Regular
JR-15700,434,1,863.88,1,5,3,9,Regular
DP-13390,1575,9,853.094,5,1,3,9,Regular
EG-13900,640,5,849.412,2,4,3,9,Regular
SP-20545,984,6,833.374,3,3,3,9,Regular
RD-19720,1605,10,829.5,5,1,3,9,Regular
EM-13960,517,5,824.936,2,4,3,9,Regular
CB-12535,1271,8,781.9055,4,2,3,9,Regular
EB-13930,527,5,745.7,2,4,3,9,Regular
BT-11395,956,6,740.868,3,3,3,9,Regular
TC-21475,861,8,737.176,3,2,4,9,Regular
Dl-13600,485,5,711.202,1,4,4,9,Regular
PB-19105,465,4,670.384,1,4,4,9,Regular
AF-10870,969,7,661.948,3,2,4,9,Regular
AZ-10750,526,6,632.906,2,3,4,9,Regular
PS-18970,966,8,624.519,3,2,4,9,Regular
AP-10720,844,8,617.646,3,2,4,9,Regular
SF-20200,1192,9,592.818,4,1,4,9,Regular
AJ-10795,840,6,585.344,2,3,4,9,Regular
KC-16540,463,4,560.892,1,4,4,9,Regular
DL-13315,848,8,555.242,3,2,4,9,Regular
AR-10345,479,4,531.93,1,4,4,9,Regular
CS-11860,528,6,531.032,2,3,4,9,Regular
GM-14500,1192,10,529.92,4,1,4,9,Regular
AG-10675,844,7,507.264,3,2,4,9,Regular
DB-12910,843,8,478.153,3,2,4,9,Regular
TS-21505,827,6,477.3,2,3,4,9,Regular
JE-15475,559,6,470.756,2,3,4,9,Regular
BD-11770,842,6,439.246,2,3,4,9,Regular
RC-19960,830,6,415.542,2,3,4,9,Regular
KH-16630,1200,9,400.746,4,1,4,9,Regular
MB-18085,848,7,398.993,3,2,4,9,Regular
TB-21055,485,5,367.806,1,4,4,9,Regular
MC-17590,840,6,362.964,2,3,4,9,Regular
RD-19810,850,8,359.92,3,2,4,9,Regular
RB-19360,462,6,353.843,1,3,5,9,Regular
JD-16015,478,6,325.28,1,3,5,9,Regular
DW-13540,464,5,238.848,1,3,5,9,Regular
AB-10150,483,5,198.868,1,3,5,9,Regular
BK-11260,465,6,146.824,1,3,5,9,Regular
AG-10390,480,5,112.61,1,3,5,9,Regular
TA-21385,850,4,11649.21,3,4,1,8,Regular
CC-12370,868,5,8953.368,3,4,1,8,Regular
YC-21895,846,5,4942.606,3,4,1,8,Regular
TS-21370,1221,6,4282.051,4,3,1,8,Regular
AD-10180,1276,7,4014.42,4,3,1,8,Regular
PS-19045,1297,7,3948.14,4,3,1,8,Regular
JS-15880,900,5,3601.772,3,4,1,8,Regular
AJ-10780,1323,7,3491.564,4,3,1,8,Regular
ED-13885,1605,8,3290.434,5,2,1,8,Regular
DG-13300,861,5,2826.25,3,4,1,8,Regular
RH-19510,1191,6,2522.91,4,3,1,8,Regular
SB-20185,1193,6,2483.038,4,3,1,8,Regular
SC-20260,1569,8,2446.007,5,2,1,8,Regular
TG-21310,850,5,2432.056,3,4,1,8,Regular
CM-12235,871,5,2256.572,3,4,1,8,Regular
KD-16270,850,5,2184.882,3,4,1,8,Regular
AR-10405,491,5,2010.656,2,4,2,8,Regular
BO-11350,503,5,1921.786,2,4,2,8,Regular
BS-11380,659,5,1860.186,2,4,2,8,Regular
AM-10705,1193,8,1833.566,4,2,2,8,Regular
GW-14605,1199,7,1806.71,4,2,2,8,Regular
JG-15310,893,6,1799.552,3,3,2,8,Regular
JK-15625,1242,7,1778.558,4,2,2,8,Regular
NM-18520,1210,8,1739.659,4,2,2,8,Regular
PP-18955,1575,10,1691.684,5,1,2,8,Regular
DV-13465,842,6,1647.99,3,3,2,8,Regular
SP-20920,992,6,1606.73,3,3,2,8,Regular
DR-12940,1217,8,1557.998,4,2,2,8,Regular
TN-21040,1211,7,1550.178,4,2,2,8,Regular
LH-16900,1570,9,1514.21,5,1,2,8,Regular
NC-18625,570,5,1496.942,2,4,2,8,Regular
CC-12670,1206,7,1417.4315,4,2,2,8,Regular
GM-14695,483,3,1411.102,1,5,2,8,Regular
KM-16720,1194,8,1335.318,4,2,2,8,Regular
HA-14920,1211,8,1329.16,4,2,2,8,Regular
KH-16360,884,6,1326.304,3,3,2,8,Regular
MA-17560,1562,11,1320.908,5,1,2,8,Regular
JL-15835,1564,11,1254.628,5,1,2,8,Regular
BT-11680,1271,7,1244.034,4,2,2,8,Regular
MV-18190,1270,7,1222.314,4,2,2,8,Regular
BM-11785,1581,9,1214.71,5,1,2,8,Regular
ND-18370,1267,9,1191.969,4,1,3,8,Regular
JB-15400,1215,10,1184.012,4,1,3,8,Regular
EM-13825,847,8,1160.838,3,2,3,8,Regular
LP-17095,844,7,1143.075,3,2,3,8,Regular
KH-16330,896,8,1107.916,3,2,3,8,Regular
RP-19855,848,8,1106.562,3,2,3,8,Regular
CS-12505,835,6,1104.414,2,3,3,8,Regular
JW-15220,834,6,1101.572,2,3,3,8,Regular
SW-20275,653,6,1084.72,2,3,3,8,Regular
ON-18715,1194,9,1075.412,4,1,3,8,Regular
PG-18895,1206,9,1052.196,4,1,3,8,Regular
SU-20665,847,7,1037.196,3,2,3,8,Regular
LS-16945,823,6,993.072,2,3,3,8,Regular
TP-21130,1198,9,993.056,4,1,3,8,Regular
MB-17305,1194,10,955.388,4,1,3,8,Regular
KB-16600,939,7,946.974,3,2,3,8,Regular
EM-14095,479,4,923.162,1,4,3,8,Regular
GB-14530,1200,10,910.638,4,1,3,8,Regular
LS-16975,1201,9,908.02,4,1,3,8,Regular
LH-17155,904,8,834.528,3,2,3,8,Regular
JS-15595,485,4,829.024,1,4,3,8,Regular
DM-13345,927,8,822.898,3,2,3,8,Regular
JP-15520,848,7,820.69,3,2,3,8,Regular
CM-11815,829,6,780.608,2,3,3,8,Regular
RF-19840,870,8,755.542,3,2,3,8,Regular
NS-18505,372,4,737.28,1,4,3,8,Regular
LS-17200,462,6,685.184,1,3,4,8,Regular
DP-13000,492,8,666.7,2,2,4,8,Regular
JF-15415,476,6,642.894,1,3,4,8,Regular
PA-19060,469,6,627.528,1,3,4,8,Regular
DW-13585,826,7,622.154,2,2,4,8,Regular
MC-17575,511,7,611.231,2,2,4,8,Regular
BT-11530,457,5,600.516,1,3,4,8,Regular
AS-10225,470,5,548.626,1,3,4,8,Regular
KE-16420,827,8,523.822,2,2,4,8,Regular
BM-11575,466,6,514.946,1,3,4,8,Regular
CP-12085,489,7,498.572,2,2,4,8,Regular
DO-13645,483,6,463.772,1,3,4,8,Regular
PF-19225,480,5,452.296,1,3,4,8,Regular
DL-12865,827,7,442.63,2,2,4,8,Regular
JW-15955,511,7,370.766,2,2,4,8,Regular
JF-15355,471,6,369.068,1,3,4,8,Regular
BB-10990,471,5,360.672,1,3,4,8,Regular
JA-15970,480,8,279.943,1,2,5,8,Regular
NK-18490,463,7,160.332,1,2,5,8,Regular
HL-15040,920,6,11713.828,3,3,1,7,Regular
JH-15985,847,6,6695.556,3,3,1,7,Regular
QJ-19255,1674,9,5919.122,5,1,1,7,Regular
CM-12655,875,6,5808.582,3,3,1,7,Regular
CL-12565,1581,12,4498.886,5,1,1,7,Regular
RP-19390,1570,11,4104.428,5,1,1,7,Regular
SR-20740,1278,8,4014.296,4,2,1,7,Regular
MS-17365,1574,10,4003.172,5,1,1,7,Regular
RB-19465,1576,12,3794.114,5,1,1,7,Regular
KL-16645,1603,10,3625.874,5,1,1,7,Regular
BF-11170,1633,11,3227.218,5,1,1,7,Regular
AS-10285,954,6,3162.736,3,3,1,7,Regular
SC-20095,1560,9,2995.616,5,1,1,7,Regular
TH-21550,1197,7,2896.796,4,2,1,7,Regular
TW-21025,1213,7,2868.912,4,2,1,7,Regular
SM-20950,1554,12,2760.934,5,1,1,7,Regular
EB-13705,1637,9,2760.486,5,1,1,7,Regular
SW-20455,1212,7,2645.896,4,2,1,7,Regular
DB-13120,1215,7,2557.272,4,2,1,7,Regular
SZ-20035,1576,11,2540.106,5,1,1,7,Regular
MP-18175,1739,9,2481.044,5,1,1,7,Regular
BG-11035,1198,8,2479.972,4,2,1,7,Regular
FP-14320,1358,8,2427.34,4,2,1,7,Regular
JC-15775,1569,9,2279.849,5,1,1,7,Regular
EA-14035,1570,13,2244.217,5,1,1,7,Regular
GZ-14470,1575,9,2202.93,5,1,1,7,Regular
RW-19540,1192,7,2190.782,4,2,1,7,Regular
RL-19615,850,8,2130.552,3,2,2,7,Regular
JM-15250,504,6,1947.22,2,3,2,7,Regular
AR-10825,847,8,1931.084,3,2,2,7,Regular
ML-17410,823,6,1853.072,2,3,2,7,Regular
KN-16390,1228,9,1804.156,4,1,2,7,Regular
BE-11335,485,5,1784.536,1,4,2,7,Regular
CB-12415,889,8,1775.27,3,2,2,7,Regular
IL-15100,848,7,1772.18,3,2,2,7,Regular
TG-21640,480,4,1755.088,1,4,2,7,Regular
CJ-12010,892,8,1754.58,3,2,2,7,Regular
CS-12355,1214,11,1724.634,4,1,2,7,Regular
LC-17050,478,4,1703.59,1,4,2,7,Regular
MG-17680,458,4,1703.224,1,4,2,7,Regular
CK-12325,486,5,1693.278,1,4,2,7,Regular
CC-12430,1212,10,1674.29,4,1,2,7,Regular
AG-10900,1213,10,1612.52,4,1,2,7,Regular
BP-11290,893,7,1580.702,3,2,2,7,Regular
HG-15025,870,7,1575.616,3,2,2,7,Regular
SV-20935,896,8,1553.496,3,2,2,7,Regular
DS-13180,1214,9,1533.6848,4,1,2,7,Regular
ML-17755,879,7,1522.772,3,2,2,7,Regular
SG-20470,861,8,1514.56,3,2,2,7,Regular
VM-21685,844,7,1477.106,3,2,2,7,Regular
SP-20860,1213,10,1393.812,4,1,2,7,Regular
RB-19705,473,4,1377.11,1,4,2,7,Regular
GM-14680,822,6,1369.874,2,3,2,7,Regular
HF-14995,849,7,1296.655,3,2,2,7,Regular
CK-12760,1212,9,1287.494,4,1,2,7,Regular
JL-15505,511,6,1247.22,2,3,2,7,Regular
NS-18640,1242,13,1235.016,4,1,2,7,Regular
JL-15235,485,5,1230.344,1,4,2,7,Regular
RD-19585,1241,10,1212.224,4,1,2,7,Regular
NP-18685,830,6,1210.986,2,3,2,7,Regular
LB-16795,851,8,1202.306,3,2,2,7,Regular
DP-13105,829,7,1198.862,2,2,3,7,Regular
NM-18445,526,7,1184.604,2,2,3,7,Regular
CS-11845,457,5,1174.528,1,3,3,7,Regular
JR-16210,468,5,1166.25,1,3,3,7,Regular
GA-14515,515,8,1155.512,2,2,3,7,Regular
BD-11725,459,6,1095.71,1,3,3,7,Regular
MV-17485,847,9,1026.262,3,1,3,7,Regular
MK-17905,828,8,1012.862,2,2,3,7,Regular
HA-14905,832,7,963.888,2,2,3,7,Regular
JD-16150,837,8,963.58,2,2,3,7,Regular
KA-16525,580,7,935.058,2,2,3,7,Regular
MY-17380,526,7,910.984,2,2,3,7,Regular
DW-13195,465,6,881.307,1,3,3,7,Regular
HZ-14950,473,5,874.96,1,3,3,7,Regular
AH-10120,501,7,871.184,2,2,3,7,Regular
KB-16315,846,9,869.042,3,1,3,7,Regular
EH-14185,471,6,865.236,1,3,3,7,Regular
SC-20575,458,5,854.138,1,3,3,7,Regular
GG-14650,865,9,841.716,3,1,3,7,Regular
TT-21460,498,7,809.224,2,2,3,7,Regular
DB-13210,847,10,796.23,3,1,3,7,Regular
RW-19690,477,5,767.106,1,3,3,7,Regular
EH-14005,465,7,720.96,1,2,4,7,Regular
CK-12205,511,13,659.581,2,1,4,7,Regular
SC-20380,826,9,655.852,2,1,4,7,Regular
JB-16000,478,7,644.1188,1,2,4,7,Regular
GA-14725,493,10,613.486,2,1,4,7,Regular
MM-18280,824,9,525.242,2,1,4,7,Regular
DB-13660,464,7,479.646,1,2,4,7,Regular
TH-21235,483,8,460.637,1,2,4,7,Regular
BF-10975,457,7,393.226,1,2,4,7,Regular
AR-10540,823,6,6196.948,2,3,1,6,"At Risk"
MJ-17740,907,7,5599.144,3,2,1,6,"At Risk"
KH-16690,902,7,4652.444,3,2,1,6,"At Risk"
VW-21775,1210,9,3834.686,4,1,1,6,"At Risk"
TB-21520,1192,9,3632.692,4,1,1,6,"At Risk"
SA-20830,1284,10,3294.5575,4,1,1,6,"At Risk"
SC-20725,1192,11,3224.928,4,1,1,6,"At Risk"
DB-13270,871,8,2700.258,3,2,1,6,"At Risk"
LW-16990,575,6,2667.922,2,3,1,6,"At Risk"
EB-13870,1193,10,2645.427,4,1,1,6,"At Risk"
ZC-21910,1190,12,2626.112,4,1,1,6,"At Risk"
WB-21850,1239,11,2505.678,4,1,1,6,"At Risk"
DR-12880,1193,9,2501.37,4,1,1,6,"At Risk"
TS-21610,843,7,2450.632,3,2,1,6,"At Risk"
MD-17350,847,7,2376.416,3,2,1,6,"At Risk"
FO-14305,1196,10,2333.538,4,1,1,6,"At Risk"
HG-14965,1190,11,2331.202,4,1,1,6,"At Risk"
CY-12745,849,8,2265.204,3,2,1,6,"At Risk"
GM-14455,512,6,2238.022,2,3,1,6,"At Risk"
JD-15790,483,5,2122.448,1,3,2,6,"At Risk"
GH-14410,847,9,2091.881,3,1,2,6,"At Risk"
CP-12340,526,8,2090.596,2,2,2,6,"At Risk"
KB-16585,844,12,2084.754,3,1,2,6,"At Risk"
MM-17920,847,11,2075.53,3,1,2,6,"At Risk"
NH-18610,827,7,2029.42,2,2,2,6,"At Risk"
CS-11950,849,11,1913.999,3,1,2,6,"At Risk"
BG-11695,464,6,1843.524,1,3,2,6,"At Risk"
JO-15280,458,6,1817.716,1,3,2,6,"At Risk"
JK-15370,511,8,1697.97,2,2,2,6,"At Risk"
PK-19075,847,12,1653.352,3,1,2,6,"At Risk"
HK-14890,517,8,1633.38,2,2,2,6,"At Risk"
FM-14215,849,9,1616.808,3,1,2,6,"At Risk"
AW-10930,487,7,1579.076,2,2,2,6,"At Risk"
TC-21295,535,8,1574.786,2,2,2,6,"At Risk"
ML-17395,847,9,1534.702,3,1,2,6,"At Risk"
MH-17290,485,6,1486.323,1,3,2,6,"At Risk"
PO-18865,835,7,1339.956,2,2,2,6,"At Risk"
KL-16555,829,8,1303.298,2,2,2,6,"At Risk"
EB-14110,479,6,1299.774,1,3,2,6,"At Risk"
EJ-14155,483,5,1277.582,1,3,2,6,"At Risk"
PN-18775,838,8,1266.182,2,2,2,6,"At Risk"
SG-20605,474,6,1244.246,1,3,2,6,"At Risk"
SN-20710,826,7,1236.77,2,2,2,6,"At Risk"
SO-20335,478,6,1210.2975,1,3,2,6,"At Risk"
MO-17800,470,7,1181.078,1,2,3,6,"At Risk"
MM-18055,479,8,1161.577,1,2,3,6,"At Risk"
CK-12595,833,11,1048.598,2,1,3,6,"At Risk"
FG-14260,468,7,941.196,1,2,3,6,"At Risk"
SD-20485,833,9,914.156,2,1,3,6,"At Risk"
NZ-18565,841,9,875.84,2,1,3,6,"At Risk"
FC-14245,479,7,817.662,1,2,3,6,"At Risk"
KN-16705,464,7,788.176,1,2,3,6,"At Risk"
JF-15490,487,11,767.924,2,1,3,6,"At Risk"
CS-12250,830,11,762.836,2,1,3,6,"At Risk"
AA-10375,480,9,718,1,1,4,6,"At Risk"
KD-16495,478,12,687.394,1,1,4,6,"At Risk"
RD-19480,472,8,667.174,1,1,4,6,"At Risk"
MG-17890,465,9,578.662,1,1,4,6,"At Risk"
AB-10165,472,8,568.752,1,1,4,6,"At Risk"
LC-16870,464,8,462.414,1,1,4,6,"At Risk"
SH-20395,477,10,356.519,1,1,4,6,"At Risk"
SE-20110,844,11,10639.654,3,1,1,5,"At Risk"
LC-16885,927,12,6342.068,3,1,1,5,"At Risk"
ME-17320,938,10,6220.506,3,1,1,5,"At Risk"
AC-10450,830,7,5493.346,2,2,1,5,"At Risk"
RM-19675,372,5,5405.856,1,3,1,5,"At Risk"
YS-21880,500,8,5059.904,2,2,1,5,"At Risk"
TP-21415,470,5,5017.648,1,3,1,5,"At Risk"
AH-10690,877,12,5015.016,3,1,1,5,"At Risk"
NF-18385,826,7,4791.532,2,2,1,5,"At Risk"
JE-15715,850,10,4160.367,3,1,1,5,"At Risk"
JD-15895,847,11,3924.992,3,1,1,5,"At Risk"
BW-11110,487,8,3921.75,2,2,1,5,"At Risk"
PW-19240,830,7,3773.947,2,2,1,5,"At Risk"
JF-15565,841,8,3510.104,2,2,1,5,"At Risk"
SC-20305,490,7,3496.988,2,2,1,5,"At Risk"
HR-14830,525,7,3405.126,2,2,1,5,"At Risk"
LC-16930,841,8,3384.87,2,2,1,5,"At Risk"
DL-13495,497,8,3335.002,2,2,1,5,"At Risk"
DK-13225,851,9,3250.848,3,1,1,5,"At Risk"
KW-16435,462,5,3207.264,1,3,1,5,"At Risk"
AT-10735,843,10,3200.992,3,1,1,5,"At Risk"
CA-11965,462,6,3188.9148,1,3,1,5,"At Risk"
RD-19660,480,5,2786.632,1,3,1,5,"At Risk"
JO-15145,885,9,2647.747,3,1,1,5,"At Risk"
GM-14440,520,7,2639.372,2,2,1,5,"At Risk"
RH-19495,466,5,2465.234,1,3,1,5,"At Risk"
CM-12160,459,6,2461.938,1,3,1,5,"At Risk"
MH-17455,536,8,2327.742,2,2,1,5,"At Risk"
BE-11410,464,5,2261.438,1,3,1,5,"At Risk"
CC-12220,906,11,2257.09,3,1,1,5,"At Risk"
FC-14335,550,7,2142.614,2,2,1,5,"At Risk"
RW-19630,884,9,2141.812,3,1,1,5,"At Risk"
BD-11605,463,7,2087.246,1,2,2,5,"At Risk"
ES-14080,823,9,2083.89,2,1,2,5,"At Risk"
DJ-13510,475,8,2054.758,1,2,2,5,"At Risk"
PW-19030,513,10,1929.206,2,1,2,5,"At Risk"
LC-17140,478,8,1912.226,1,2,2,5,"At Risk"
DB-13555,479,7,1861.426,1,2,2,5,"At Risk"
EH-13765,828,12,1791.924,2,1,2,5,"At Risk"
MS-17770,487,9,1770.764,2,1,2,5,"At Risk"
KB-16240,463,7,1724.695,1,2,2,5,"At Risk"
RA-19885,461,7,1626.498,1,2,2,5,"At Risk"
BM-11650,825,11,1620.902,2,1,2,5,"At Risk"
FM-14380,511,9,1598.708,2,1,2,5,"At Risk"
NB-18655,834,9,1510.168,2,1,2,5,"At Risk"
MC-17605,478,8,1503.078,1,2,2,5,"At Risk"
HM-14860,825,10,1469.1888,2,1,2,5,"At Risk"
BP-11185,840,9,1450.94,2,1,2,5,"At Risk"
FA-14230,463,7,1436.938,1,2,2,5,"At Risk"
JM-15535,468,7,1408.437,1,2,2,5,"At Risk"
BS-11755,464,7,1373.5,1,2,2,5,"At Risk"
BF-11020,479,7,1373.296,1,2,2,5,"At Risk"
AJ-10945,487,7,1364.75,1,2,2,5,"At Risk"
SH-19975,826,13,1296.4795,2,1,2,5,"At Risk"
DM-12955,480,7,1294.7,1,2,2,5,"At Risk"
SJ-20125,461,12,1125.422,1,1,3,5,"At Risk"
JM-16195,480,10,1121.696,1,1,3,5,"At Risk"
SC-20050,457,9,1093.832,1,1,3,5,"At Risk"
CC-12475,457,9,1060.82,1,1,3,5,"At Risk"
RD-19900,480,9,999.666,1,1,3,5,"At Risk"
BP-11095,463,11,989.76,1,1,3,5,"At Risk"
MC-18100,485,10,909.914,1,1,3,5,"At Risk"
SP-20620,478,9,904.008,1,1,3,5,"At Risk"
DC-12850,469,9,877.626,1,1,3,5,"At Risk"
LT-17110,473,8,853.526,1,1,3,5,"At Risk"
PB-19150,463,8,812.26,1,1,3,5,"At Risk"
AP-10915,484,10,777.83,1,1,3,5,"At Risk"
AB-10105,827,9,12002.635,2,1,1,4,"At Risk"
PO-18850,834,10,6162.5022,2,1,1,4,"At Risk"
LA-16780,828,11,5801.864,2,1,1,4,"At Risk"
JM-15865,475,7,5304.238,1,2,1,4,"At Risk"
LW-17215,485,7,4551.088,1,2,1,4,"At Risk"
HW-14935,483,8,4276.794,1,2,1,4,"At Risk"
SB-20290,478,7,4267.518,1,2,1,4,"At Risk"
DB-13060,472,7,3838.862,1,2,1,4,"At Risk"
GT-14710,497,11,3464.5,2,1,1,4,"At Risk"
JG-15160,825,11,3257.694,2,1,1,4,"At Risk"
FH-14365,458,7,3225.678,1,2,1,4,"At Risk"
MP-17965,542,9,3148.778,2,1,1,4,"At Risk"
AS-10045,483,7,2969.89,1,2,1,4,"At Risk"
RS-19765,479,8,2884.276,1,2,1,4,"At Risk"
PO-19180,840,9,2859.387,2,1,1,4,"At Risk"
RO-19780,463,7,2826.636,1,2,1,4,"At Risk"
SL-20155,461,7,2784.71,1,2,1,4,"At Risk"
EB-13750,828,9,2526.808,2,1,1,4,"At Risk"
AB-10060,471,7,2468.126,1,2,1,4,"At Risk"
BC-11125,836,9,2379.314,2,1,1,4,"At Risk"
TB-21625,841,9,2321.156,2,1,1,4,"At Risk"
EH-14125,833,10,2291.387,2,1,1,4,"At Risk"
SC-20695,827,10,2280.784,2,1,1,4,"At Risk"
FH-14275,833,10,2165.758,2,1,1,4,"At Risk"
JE-15610,465,7,2161.012,1,2,1,4,"At Risk"
DK-12835,478,12,2127.472,1,1,2,4,"At Risk"
CS-12400,482,9,2123.968,1,1,2,4,"At Risk"
CA-12265,465,9,2073.838,1,1,2,4,"At Risk"
TM-21010,469,8,1949.16,1,1,2,4,"At Risk"
AH-10075,462,10,1906.337,1,1,2,4,"At Risk"
SF-20965,459,9,1874.781,1,1,2,4,"At Risk"
PG-18820,458,13,1789.088,1,1,2,4,"At Risk"
CV-12805,483,9,1447.114,1,1,2,4,"At Risk"
CT-11995,462,8,1268.778,1,1,2,4,"At Risk"
GK-14620,478,9,6016.72,1,1,1,3,"At Risk"
BD-11320,464,11,5365.171,1,1,1,3,"At Risk"
AH-10210,485,9,3990.956,1,1,1,3,"At Risk"
KT-16480,466,10,3759.0004,1,1,1,3,"At Risk"
Dp-13240,480,11,3503.439,1,1,1,3,"At Risk"
BB-11545,472,9,3140.926,1,1,1,3,"At Risk"
JE-15745,465,12,3107.771,1,1,1,3,"At Risk"
SV-20365,467,10,3024.53,1,1,1,3,"At Risk"
MY-18295,484,11,2941.644,1,1,1,3,"At Risk"
CB-12025,480,10,2919.842,1,1,1,3,"At Risk"
JK-15730,484,9,2890.768,1,1,1,3,"At Risk"
EP-13915,484,17,2861.572,1,1,1,3,"At Risk"
JK-16120,483,10,2626.506,1,1,1,3,"At Risk"
AI-10855,478,10,2612.794,1,1,1,3,"At Risk"
MH-18115,463,9,2558.27,1,1,1,3,"At Risk"
RA-19285,483,9,2240.094,1,1,1,3,"At Risk"
